{
  "id": "2465752",
  "name": "Ayaya",
  "font_family": "iconfont",
  "css_prefix_text": "icon-",
  "description": "",
  "glyphs": [
    {
      "icon_id": "924671",
      "name": "点赞(激活)-b",
      "font_class": "dianzanjihuob",
      "unicode": "e608",
      "unicode_decimal": 58888
    },
    {
      "icon_id": "3217884",
      "name": "退出",
      "font_class": "icon-",
      "unicode": "e623",
      "unicode_decimal": 58915
    },
    {
      "icon_id": "11594393",
      "name": "评论",
      "font_class": "pinglun1",
      "unicode": "e6b3",
      "unicode_decimal": 59059
    },
    {
      "icon_id": "18001812",
      "name": "点赞",
      "font_class": "dianzan1",
      "unicode": "e60b",
      "unicode_decimal": 58891
    },
    {
      "icon_id": "18729615",
      "name": "踩",
      "font_class": "cai",
      "unicode": "e659",
      "unicode_decimal": 58969
    },
    {
      "icon_id": "11683684",
      "name": "设置",
      "font_class": "ziyuan",
      "unicode": "e60a",
      "unicode_decimal": 58890
    },
    {
      "icon_id": "376069",
      "name": "返回",
      "font_class": "fanhui",
      "unicode": "e6b0",
      "unicode_decimal": 59056
    },
    {
      "icon_id": "695512",
      "name": "转发",
      "font_class": "zhuanfa",
      "unicode": "e65f",
      "unicode_decimal": 58975
    },
    {
      "icon_id": "5643526",
      "name": "收藏",
      "font_class": "shoucang",
      "unicode": "e609",
      "unicode_decimal": 58889
    },
    {
      "icon_id": "14137669",
      "name": "魔法语音训练",
      "font_class": "mofayuyinxunlian",
      "unicode": "e615",
      "unicode_decimal": 58901
    },
    {
      "icon_id": "20406402",
      "name": "点赞",
      "font_class": "dianzan",
      "unicode": "e785",
      "unicode_decimal": 59269
    },
    {
      "icon_id": "36497",
      "name": "评论",
      "font_class": "pinglun",
      "unicode": "e600",
      "unicode_decimal": 58880
    }
  ]
}
